Question,Answers
Question 1,Answer 1 | Answer 2 | Answer 3 | Answer 4
Question 2,Answer 1 | Answer 2 | Answer 3
Question 3,Answer 1 | Answer 2 | Answer 3 | Answer 4 | Answer 5
Question 4,Answer 1 | Answer 2 | Answer 3 | Answer 4 | Answer 5
Question 5,Answer 1 | Answer 2 | Answer 3 | Answer 4 | Answer 5
Question 6,Answer 1 | Answer 2 | Answer 3 | Answer 4 | Answer 5
Question 7,Answer 1 | Answer 2 | Answer 3 | Answer 4 | Answer 5
Question 8,Answer 1 | Answer 2 | Answer 3 | Answer 4 | Answer 5
Question 9,Answer 1 | Answer 2 | Answer 3 | Answer 4 | Answer 5
Question 10,Answer 1 | Answer 2 | Answer 3 | Answer 4 | Answer 5
Question 11,Answer 1 | Answer 2 | Answer 3
Question 12,Answer 1 | Answer 2 | Answer 3
Question 13,Answer 1 | Answer 2 | Answer 3
Question 14,Answer 1 | Answer 2 | Answer 3
Question 15,Answer 1 | Answer 2 | Answer 3
Question 16,Answer 1 | Answer 2 | Answer 3 | Answer 4
Question 17,Answer 1 | Answer 2 | Answer 3 | Answer 4
Question 18,Answer 1 | Answer 2 | Answer 3 | Answer 4
Question 19,Answer 1 | Answer 2 | Answer 3 | Answer 4
Question 20,Answer 1 | Answer 2 | Answer 3 | Answer 4